<?xml version="1.0" encoding="utf-8"?>
<prefix name="birthdays" label="Birthdays" language_tag="en" language_label="English"><key name="dashboard_widget_title"><value>My Friends Birthdays</value></key><key name="feed_content_label"><value>Birthdays</value></key><key name="feed_item_line"><value>It's {$user}'s birthday today!</value></key><key name="my_widget_title"><value>My Birthday</value></key><key name="privacy_action_view_my_birthday"><value>View my birthday</value></key><key name="usercredits_action_birthday"><value>Birthday</value></key><key name="user_list_menu_item_birthdays"><value>Birthdays</value></key><key name="user_list_menu_item_birthdays_this_week"><value>This week</value></key><key name="user_list_menu_item_birthdays_today"><value>Today</value></key><key name="widget_setting_count_label"><value>Count</value></key><key name="widget_setting_show_label"><value>Show birthdays for</value></key><key name="widget_setting_value_this_week"><value>Today and this week</value></key><key name="widget_setting_value_today"><value>Today only</value></key><key name="widget_title"><value>Birthdays</value></key></prefix>
