<?xml version="1.0" encoding="utf-8"?>
<prefix name="base" label="BASE" language_tag="en" language_label="English"><key name="about_me_widget_content_saved"><value>Description updated</value></key><key name="about_me_widget_default_title"><value>About Me</value></key><key name="about_me_widget_inv_text"><value>Add some info about yourself here</value></key><key name="activity_online"><value>Online now</value></key><key name="activity_stamp"><value>Activity:</value></key><key name="activity_widget_title"><value>Latest Activity</value></key><key name="add_comment"><value>Add comments</value></key><key name="admin_delete_user_text"><value>Are you sure you want to delete this user?</value></key><key name="ajax_floatbox_users_title"><value>Users</value></key><key name="all"><value>All</value></key><key name="approve"><value>Approve</value></key><key name="approve_users"><value>Approve users</value></key><key name="archive"><value>Archive</value></key><key name="are_you_sure"><value>Are you sure?</value></key><key name="authorization_action_base_add_comment"><value>Write on comment walls</value></key><key name="authorization_action_base_delete_comment_by_content_owner"><value>The author can delete wall comments</value></key><key name="authorization_action_base_search_users"><value>Search users</value></key><key name="authorization_action_blogs_add"><value>Add a blog post</value></key><key name="authorization_action_blogs_add_comment"><value>Add comments</value></key><key name="authorization_action_blogs_delete_comment_by_content_owner"><value>The content owner can delete comments</value></key><key name="authorization_action_blogs_view"><value>View</value></key><key name="authorization_action_event_add_comment"><value>Comment events</value></key><key name="authorization_action_event_add_event"><value>Add event</value></key><key name="authorization_action_event_view_event"><value>View event</value></key><key name="authorization_action_forum_edit"><value>Create/Edit topic</value></key><key name="authorization_action_forum_subscribe"><value>Subscribe to forum topics</value></key><key name="authorization_action_forum_view"><value>View topic</value></key><key name="authorization_action_friends_add_friend"><value>Add Friend</value></key><key name="authorization_action_links_add"><value>Add a link</value></key><key name="authorization_action_links_add_comment"><value>Write on comment wall</value></key><key name="authorization_action_links_delete_comment_by_content_owner"><value>The content owner can delete comments</value></key><key name="authorization_action_links_view"><value>View Links</value></key><key name="authorization_action_mailbox_read_message"><value>Read incoming message</value></key><key name="authorization_action_mailbox_send_message"><value>Send Private Message</value></key><key name="authorization_action_market_add_comment"><value>Comment posted jobs</value></key><key name="authorization_action_market_delete_comment_by_content_owner"><value>The content owner can delete comments</value></key><key name="authorization_action_market_post_jobs"><value>Post jobs</value></key><key name="authorization_action_newsfeed_add_comment"><value>Allow comments</value></key><key name="authorization_action_photo_add_comment"><value>Comment photo</value></key><key name="authorization_action_photo_delete_comment_by_content_owner"><value>The content owner can delete comments</value></key><key name="authorization_action_photo_upload"><value>Upload photo</value></key><key name="authorization_action_photo_view"><value>View photo</value></key><key name="authorization_action_video_add"><value>Add Video</value></key><key name="authorization_action_video_add_comment"><value>Comment video</value></key><key name="authorization_action_video_delete_comment_by_content_owner"><value>The content owner can delete comments</value></key><key name="authorization_action_video_view"><value>View Video</value></key><key name="authorization_action_virtualgifts_send_gift"><value>Send gift</value></key><key name="authorization_failed_feedback"><value>You can't view this page due to limited permissions</value></key><key name="authorization_failed_msg"><value>Oops, looks like you don't have enough permissions</value></key><key name="authorization_feedback_roles_updated"><value>Updated</value></key><key name="authorization_give_user_role"><value>Change Role</value></key><key name="authorization_group_base"><value>Basic permissions</value></key><key name="authorization_group_blogs"><value>Blogs</value></key><key name="authorization_group_event"><value>Events</value></key><key name="authorization_group_forum"><value>Forum</value></key><key name="authorization_group_friends"><value>Friends</value></key><key name="authorization_group_links"><value>Links</value></key><key name="authorization_group_mailbox"><value>Mailbox</value></key><key name="authorization_group_market"><value>Market</value></key><key name="authorization_group_membership"><value>Membership</value></key><key name="authorization_group_newsfeed"><value>Newsfeed</value></key><key name="authorization_group_photo"><value>Photo</value></key><key name="authorization_group_usercredits"><value>User Credits</value></key><key name="authorization_group_video"><value>Video</value></key><key name="authorization_group_virtualgifts"><value>Virtual Gifts</value></key><key name="authorization_role_guest"><value>Guest</value></key><key name="authorization_role_ms_test"><value>Staff</value></key><key name="authorization_role_silver"><value>admin</value></key><key name="authorization_role_wqewq"><value>Free</value></key><key name="authorization_user_roles"><value>User Roles</value></key><key name="auth_group_label"><value>Base</value></key><key name="auth_identity_not_found_error_message"><value>Invalid username or email</value></key><key name="auth_invlid_password_error_message"><value>Invalid password</value></key><key name="auth_success_message"><value>Authentication success, please wait...</value></key><key name="auth_view_profile"><value>View profiles</value></key><key name="avatar_activity_string"><value>&lt;a href="{$userUrl}"&gt;{$user}&lt;/a&gt; changed their avatar.</value></key><key name="avatar_apply_crop"><value>Apply crop</value></key><key name="avatar_avatar_is"><value>Avatar is a graphic picture/photo of a reduced size displayed for your profile.</value></key><key name="avatar_back_profile_edit"><value>Back to Profile Edit</value></key><key name="avatar_btn_upload"><value>Upload</value></key><key name="avatar_change"><value>Change Avatar</value></key><key name="avatar_change_avatar"><value>Change avatar</value></key><key name="avatar_console_edit_profile"><value>Edit my profile</value></key><key name="avatar_crop"><value>Crop Avatar</value></key><key name="avatar_crop_instructions"><value>Choose an area of your avatar for cropping with the help of mouse cursor. The cropping result will be displayed on the right. Once you are satisfied with the result click the "Apply crop" button.</value></key><key name="avatar_current"><value>Your Avatar</value></key><key name="avatar_feed_string"><value>changed their avatar</value></key><key name="avatar_new"><value>Upload new avatar</value></key><key name="avatar_picture"><value>Your avatar picture</value></key><key name="avatar_preview"><value>Preview</value></key><key name="avatar_select_image"><value>Please choose image file</value></key><key name="avatar_upload_types"><value>Available formats for Avatar uploading are &lt;span class="ow_txt_value"&gt;JPG&lt;/span&gt;/&lt;span class="ow_txt_value"&gt;GIF&lt;/span&gt;/&lt;span class="ow_txt_value"&gt;PNG&lt;/span&gt;</value></key><key name="avatar_user_list_select_button_label"><value>Submit</value></key><key name="avatar_user_list_select_count_label"><value>#count# users selected</value></key><key name="avatar_user_select_empty_list_message"><value>You should select user(s) to continue</value></key><key name="avatar_widget"><value>Avatar</value></key><key name="base_document_403"><value>You don't have permission to access the page.</value></key><key name="base_document_403_heading"><value>Forbidden</value></key><key name="base_document_403_title"><value>Forbidden</value></key><key name="base_document_404"><value>Sorry, this document doesn't exist.</value></key><key name="base_document_404_heading"><value>Page not found</value></key><key name="base_document_404_title"><value>Page not found</value></key><key name="base_join_menu_item"><value>Join</value></key><key name="base_sign_in_cap_label"><value>Please sign in</value></key><key name="base_sign_in_or_label"><value>or</value></key><key name="billing_amount"><value>Amount</value></key><key name="billing_currency_not_supported"><value>Payment provider does not support site active currency (&lt;b&gt;{$currency}&lt;/b&gt;)</value></key><key name="billing_details"><value>Details</value></key><key name="billing_gateway"><value>Gateway</value></key><key name="billing_gateway_not_found"><value>Payment gateway not found or is inactive</value></key><key name="billing_gateway_unavailable"><value>unavailable</value></key><key name="billing_no_gateways"><value>No payment gateways activated</value></key><key name="billing_order_canceled"><value>Your order has been canceled</value></key><key name="billing_order_completed_successfully"><value>Your order has been completed successfully</value></key><key name="billing_order_failed"><value>An error occured during your order processing</value></key><key name="billing_order_init_failed"><value>Failed to initialize order</value></key><key name="billing_order_page_heading"><value>Pay securely with {$gateway}</value></key><key name="billing_order_processing"><value>Your order is being processed</value></key><key name="billing_order_status_page_heading"><value>Your order status</value></key><key name="billing_order_verified"><value>Your order has been verified</value></key><key name="billing_pay_with"><value>Pay securely with</value></key><key name="billing_sale_not_found"><value>Information about order was not found</value></key><key name="billing_statistics"><value>Statistics</value></key><key name="billing_transaction_id"><value>Transaction ID</value></key><key name="by"><value>By</value></key><key name="cancel"><value>Cancel</value></key><key name="cannot_delete_admin_user_msg"><value>First you should remove this user from site moderators</value></key><key name="change"><value>Change</value></key><key name="change_password"><value>Change Password</value></key><key name="change_password_error"><value>Password not changed</value></key><key name="change_password_new_password"><value>New password</value></key><key name="change_password_old_password"><value>Old password</value></key><key name="change_password_repeat_password"><value>Repeat new password</value></key><key name="change_password_success"><value>Password changed</value></key><key name="checkout"><value>Checkout</value></key><key name="check_all"><value>Check all</value></key><key name="cmp_add_new_content_box_cap_label"><value>Add New</value></key><key name="cmp_widget_wall_comments_count"><value>Number of comments to show</value></key><key name="cmp_widget_wall_comments_mode"><value>Display mode</value></key><key name="cmp_widget_wall_comments_mode_option_1"><value>Full list</value></key><key name="cmp_widget_wall_comments_mode_option_2"><value>With paging</value></key><key name="comments_add_auth_message"><value>You are not allowed to write comment</value></key><key name="comments_add_login_message"><value>You need to sign in to comment</value></key><key name="comments_label"><value>Comments</value></key><key name="comments_widget_label"><value>The Wall</value></key><key name="comment_add_auth_error"><value>Error occurred while posting comment</value></key><key name="comment_add_post_error"><value>Error occurred while processing your request</value></key><key name="comment_add_submit_label"><value>Add</value></key><key name="comment_box_cap_label"><value>The Wall</value></key><key name="comment_delete_confirm_message"><value>Are you sure you want to delete comment?</value></key><key name="comment_delete_label"><value>Delete</value></key><key name="comment_no_comments"><value>No comments</value></key><key name="comment_view_all"><value>View all ({$count})</value></key><key name="component_add_new_box_cap_label"><value>Add New</value></key><key name="component_sign_in_login_invitation"><value>Username/Email</value></key><key name="config_join_display_photo_upload_display_and_require_label"><value>display and set required</value></key><key name="config_join_display_photo_upload_display_label"><value>display</value></key><key name="config_join_display_photo_upload_not_display_label"><value>hide</value></key><key name="confirm_page_cancel_label"><value>Cancel</value></key><key name="confirm_page_ok_label"><value>ok</value></key><key name="console_item_label_dashboard"><value>Dashboard</value></key><key name="console_item_label_mailbox"><value>Mailbox</value></key><key name="console_item_label_preferences"><value>Preferences</value></key><key name="console_item_label_profile"><value>My Profile</value></key><key name="console_item_label_sign_out"><value>Sign Out</value></key><key name="copyright"><value>© Copyright {$site_name}</value></key><key name="custom_html_widget_content_label"><value>Content (text/HTML)</value></key><key name="custom_html_widget_default_title"><value>Custom text/HTML</value></key><key name="custom_html_widget_nl2br_label"><value>Convert new line to &lt;br /&gt;</value></key><key name="dashboard"><value>Dashboard</value></key><key name="dashboard_heading"><value>My Dashboard</value></key><key name="date_time_at_label"><value>at</value></key><key name="date_time_cap_hour"/><key name="date_time_cap_minute"/><key name="date_time_hours_ago"><value>{$hours} hours ago</value></key><key name="date_time_minutes_ago"><value>{$minutes} minutes ago</value></key><key name="date_time_month_short_1"><value>Jan</value></key><key name="date_time_month_short_10"><value>Oct</value></key><key name="date_time_month_short_11"><value>Nov</value></key><key name="date_time_month_short_12"><value>Dec</value></key><key name="date_time_month_short_2"><value>Feb</value></key><key name="date_time_month_short_3"><value>Mar</value></key><key name="date_time_month_short_4"><value>Apr</value></key><key name="date_time_month_short_5"><value>May</value></key><key name="date_time_month_short_6"><value>Jun</value></key><key name="date_time_month_short_7"><value>Jul</value></key><key name="date_time_month_short_8"><value>Aug</value></key><key name="date_time_month_short_9"><value>Sep</value></key><key name="date_time_one_hour_ago"><value>one hour ago</value></key><key name="date_time_one_minute_ago"><value>1 minute ago</value></key><key name="date_time_today"><value>Today</value></key><key name="date_time_tomorrow"><value>Tomorrow</value></key><key name="date_time_week_0"><value>Sunday</value></key><key name="date_time_week_1"><value>Monday</value></key><key name="date_time_week_2"><value>Tuesday</value></key><key name="date_time_week_3"><value>Wednesday</value></key><key name="date_time_week_4"><value>Thursday</value></key><key name="date_time_week_5"><value>Friday</value></key><key name="date_time_week_6"><value>Saturday</value></key><key name="date_time_within_one_minute"><value>within 1 minute</value></key><key name="date_time_yesterday"><value>Yesterday</value></key><key name="day"><value>Day</value></key><key name="delete"><value>Delete</value></key><key name="delete_comment_by_content_owner"><value>Delete comment by content owner</value></key><key name="delete_profile"><value>Delete Profile</value></key><key name="delete_user_cancel_button"><value>Cancel</value></key><key name="delete_user_confirmation"><value>Are you sure you want to delete your profile?</value></key><key name="delete_user_confirmation_label"><value>Delete confirmation</value></key><key name="delete_user_content_label"><value>Delete user content</value></key><key name="delete_user_delete_button"><value>Delete</value></key><key name="delete_user_index"><value>Delete profile</value></key><key name="delete_user_success_message"><value>Account was removed&lt;br /&gt;&#13;
Go back to &lt;a href="{$site_url}"&gt;site&lt;/a&gt;</value></key><key name="disapprove"><value>Disapprove</value></key><key name="edit"><value>Edit</value></key><key name="edit_activity_string"><value>&lt;a href="{$userUrl}"&gt;{$user}&lt;/a&gt; edited their profile details</value></key><key name="edit_button"><value>Save</value></key><key name="edit_index"><value>Profile Edit</value></key><key name="edit_profile_link"><value>Edit Profile Details</value></key><key name="edit_successfull_edit"><value>User data updated</value></key><key name="email_notifications_setting_user_comment"><value>Someone comments on my profile</value></key><key name="email_verify_email_verify_fail"><value>Sorry, email address not confirmed.&lt;br/&gt; Most likely:&lt;br/&gt; &#13;
&lt;br/&gt; &#13;
1) Confirmation link you have used is incorrect. Please copy the correct URL and insert it into the address bar.&#13;
&lt;br/&gt;&lt;br/&gt;&#13;
2) Confirmation URL expired as it hasn't been used within 5 days. Please send confirmation request again.</value></key><key name="email_verify_email_verify_success"><value>Email address confirmed</value></key><key name="email_verify_form_promo"><value>Please, enter verification code.</value></key><key name="email_verify_index"><value>Email Verification</value></key><key name="email_verify_invalid_verification_code"><value>Invalid verification code</value></key><key name="email_verify_promo"><value>&lt;p&gt;&#13;
Please confirm your email address.&lt;br /&gt;Click "Send" button to receive a letter with the confirmation code to your email address.&#13;
&lt;/p&gt;&#13;
&lt;p&gt;&#13;
&lt;b&gt;If you don't receive email&lt;/b&gt; please add &lt;i&gt;{$site_email}&lt;/i&gt; to your whitelist/address book/contact list.&#13;
&lt;/p&gt;</value></key><key name="email_verify_send_verify_mail_button_label"><value>Send</value></key><key name="email_verify_subject"><value>Email verification</value></key><key name="email_verify_template_html"><value>Dear {$username},&lt;br /&gt;&#13;
&lt;br /&gt;&#13;
Thank you for registering at {$site_name}! Now you need to verify your email by &lt;a href="{$url}"&gt;clicking here&lt;/a&gt;&lt;br /&gt;&#13;
&lt;br /&gt;&#13;
Alternatively you can insert this code at the &lt;a href="{$verification_page_url}"&gt;verification page&lt;/a&gt;: {$code}&lt;br /&gt;&#13;
&lt;br /&gt;&#13;
Thank you,&lt;br /&gt;&#13;
{$site_name} administration</value></key><key name="email_verify_template_text"><value>Dear {$username},&#13;
&#13;
Thank you for registering at {$site_name}! Now you need to verify your email by clicking this link: {$url}&#13;
&#13;
Alternatively you can insert this code at the verification page {$verification_page_url} : &#13;
{$code}&#13;
&#13;
Thank you,&#13;
{$site_name} administration</value></key><key name="email_verify_verification_code_label"><value>Code</value></key><key name="email_verify_verification_code_submit_button_label"><value>Submit</value></key><key name="email_verify_verify_mail_was_sent"><value>Verification email successfully sent</value></key><key name="empty_list"><value>&lt;center&gt;No items&lt;/center&gt;</value></key><key name="empty_user_avatar_list"><value>No users</value></key><key name="empty_user_avatar_list_select"><value>No users</value></key><key name="feed_user_edit_profile"><value>edited their profile details</value></key><key name="feed_user_join"><value>joined our site!</value></key><key name="flag"><value>Flag</value></key><key name="flagged_content"><value>Flagged content</value></key><key name="flags_deleted"><value>Flag deleted</value></key><key name="flags_users_reported"><value>Number of users who reported this content</value></key><key name="flag_accepted"><value>Flag accepted</value></key><key name="flag_already_flagged"><value>You've already flagged this</value></key><key name="flag_as"><value>Flag this as...</value></key><key name="flag_flag"><value>flag</value></key><key name="flag_illegal"><value>Illegal</value></key><key name="flag_offence"><value>Offence</value></key><key name="flag_spam"><value>SPAM</value></key><key name="forgot_password_cap_label"><value>Enter your email</value></key><key name="forgot_password_code_exists_error_message"><value>You have already received reset code today. Please try again in 24 hours.</value></key><key name="forgot_password_email_invitation_message"><value>Your email address</value></key><key name="forgot_password_form_text"><value>Type the email address you used at registration.</value></key><key name="forgot_password_heading"><value>Forgot password</value></key><key name="forgot_password_instructions"><value>To reset password you just need to enter your email address, get our reset code and use it to change your old password.</value></key><key name="forgot_password_label"><value>Forgot Password</value></key><key name="forgot_password_mail_template_subject"><value>New password for your account</value></key><key name="forgot_password_no_user_error_message"><value>There is no user with this email address</value></key><key name="forgot_password_submit_label"><value>Go</value></key><key name="forgot_password_success_message"><value>The information on changing and confirming your new password sent to your email</value></key><key name="form_element_age_range"><value>(Age Range)</value></key><key name="form_element_common_invitation_text"><value>Write here...</value></key><key name="form_element_from"><value>from</value></key><key name="form_element_select_field_invitation_label"><value>Select</value></key><key name="form_element_submit_default_balue"><value>Submit</value></key><key name="form_element_submit_default_value"><value>Submit</value></key><key name="form_element_to"><value>to</value></key><key name="form_element_year_range"><value>(Year Range)</value></key><key name="form_validate_common_error_message"><value>Please fill the form properly</value></key><key name="form_validator_alphanumeric_error_message"><value>Alphanumeric validator error!</value></key><key name="form_validator_captcha_error_message"><value>Captcha validator error!</value></key><key name="form_validator_date_error_message"><value>Date validator error!</value></key><key name="form_validator_email_error_message"><value>Email validator error!</value></key><key name="form_validator_float_error_message"><value>Float validator error!</value></key><key name="form_validator_int_error_message"><value>Int validator error!</value></key><key name="form_validator_regexp_error_message"><value>RegExp validator error!</value></key><key name="form_validator_required_error_message"><value>Required</value></key><key name="form_validator_string_error_message"><value>String validator error!</value></key><key name="form_validator_url_error_message"><value>Url validator error!</value></key><key name="for_approval"><value>For approval</value></key><key name="geolocation_country_name_ABW"><value>Aruba</value></key><key name="geolocation_country_name_AFG"><value>Afghanistan</value></key><key name="geolocation_country_name_AGO"><value>Angola</value></key><key name="geolocation_country_name_AIA"><value>Anguilla</value></key><key name="geolocation_country_name_ALB"><value>Albania</value></key><key name="geolocation_country_name_AND"><value>Andorra</value></key><key name="geolocation_country_name_ANT"><value>Netherlands Antilles</value></key><key name="geolocation_country_name_ARE"><value>United Arab Emirates</value></key><key name="geolocation_country_name_ARG"><value>Argentina</value></key><key name="geolocation_country_name_ARM"><value>Armenia</value></key><key name="geolocation_country_name_ASM"><value>American Samoa</value></key><key name="geolocation_country_name_ATA"><value>Antarctica</value></key><key name="geolocation_country_name_ATF"><value>French Southern Territories</value></key><key name="geolocation_country_name_ATG"><value>Antigua And Barbuda</value></key><key name="geolocation_country_name_AUS"><value>Australia</value></key><key name="geolocation_country_name_AUT"><value>Austria</value></key><key name="geolocation_country_name_AZE"><value>Azerbaijan</value></key><key name="geolocation_country_name_BDI"><value>Burundi</value></key><key name="geolocation_country_name_BEL"><value>Belgium</value></key><key name="geolocation_country_name_BEN"><value>Benin</value></key><key name="geolocation_country_name_BFA"><value>Burkina Faso</value></key><key name="geolocation_country_name_BGD"><value>Bangladesh</value></key><key name="geolocation_country_name_BGR"><value>Bulgaria</value></key><key name="geolocation_country_name_BHR"><value>Bahrain</value></key><key name="geolocation_country_name_BHS"><value>Bahamas</value></key><key name="geolocation_country_name_BIH"><value>Bosnia And Herzegovina</value></key><key name="geolocation_country_name_BLR"><value>Belarus</value></key><key name="geolocation_country_name_BLZ"><value>Belize</value></key><key name="geolocation_country_name_BMU"><value>Bermuda</value></key><key name="geolocation_country_name_BOL"><value>Bolivia</value></key><key name="geolocation_country_name_BRA"><value>Brazil</value></key><key name="geolocation_country_name_BRB"><value>Barbados</value></key><key name="geolocation_country_name_BRN"><value>Brunei Darussalam</value></key><key name="geolocation_country_name_BTN"><value>Bhutan</value></key><key name="geolocation_country_name_BVT"><value>Bouvet Island</value></key><key name="geolocation_country_name_BWA"><value>Botswana</value></key><key name="geolocation_country_name_CAF"><value>Central African Republic</value></key><key name="geolocation_country_name_CAN"><value>Canada</value></key><key name="geolocation_country_name_CHE"><value>Switzerland</value></key><key name="geolocation_country_name_CHL"><value>Chile</value></key><key name="geolocation_country_name_CHN"><value>China</value></key><key name="geolocation_country_name_CIV"><value>Cote D'ivoire</value></key><key name="geolocation_country_name_CMR"><value>Cameroon</value></key><key name="geolocation_country_name_COD"><value>The Democratic Republic Of The Congo</value></key><key name="geolocation_country_name_COG"><value>Congo</value></key><key name="geolocation_country_name_COK"><value>Cook Islands</value></key><key name="geolocation_country_name_COL"><value>Colombia</value></key><key name="geolocation_country_name_COM"><value>Comoros</value></key><key name="geolocation_country_name_CPV"><value>Cape Verde</value></key><key name="geolocation_country_name_CRI"><value>Costa Rica</value></key><key name="geolocation_country_name_CUB"><value>Cuba</value></key><key name="geolocation_country_name_CYM"><value>Cayman Islands</value></key><key name="geolocation_country_name_CYP"><value>Cyprus</value></key><key name="geolocation_country_name_CZE"><value>Czech Republic</value></key><key name="geolocation_country_name_DEU"><value>Germany</value></key><key name="geolocation_country_name_DJI"><value>Djibouti</value></key><key name="geolocation_country_name_DMA"><value>Dominica</value></key><key name="geolocation_country_name_DNK"><value>Denmark</value></key><key name="geolocation_country_name_DOM"><value>Dominican Republic</value></key><key name="geolocation_country_name_DZA"><value>Algeria</value></key><key name="geolocation_country_name_ECU"><value>Ecuador</value></key><key name="geolocation_country_name_EGY"><value>Egypt</value></key><key name="geolocation_country_name_ERI"><value>Eritrea</value></key><key name="geolocation_country_name_ESP"><value>Spain</value></key><key name="geolocation_country_name_EST"><value>Estonia</value></key><key name="geolocation_country_name_ETH"><value>Ethiopia</value></key><key name="geolocation_country_name_FIN"><value>Finland</value></key><key name="geolocation_country_name_FJI"><value>Fiji</value></key><key name="geolocation_country_name_FLK"><value>Falkland Islands (malvinas)</value></key><key name="geolocation_country_name_FRA"><value>France</value></key><key name="geolocation_country_name_FRO"><value>Faroe Islands</value></key><key name="geolocation_country_name_FSM"><value>Federated States Of Micronesia</value></key><key name="geolocation_country_name_GAB"><value>Gabon</value></key><key name="geolocation_country_name_GBR"><value>United Kingdom</value></key><key name="geolocation_country_name_GEO"><value>Georgia</value></key><key name="geolocation_country_name_GGY"><value>Guernsey</value></key><key name="geolocation_country_name_GHA"><value>Ghana</value></key><key name="geolocation_country_name_GIB"><value>Gibraltar</value></key><key name="geolocation_country_name_GIN"><value>Guinea</value></key><key name="geolocation_country_name_GLP"><value>Guadeloupe</value></key><key name="geolocation_country_name_GMB"><value>Gambia</value></key><key name="geolocation_country_name_GNB"><value>Guinea-bissau</value></key><key name="geolocation_country_name_GNQ"><value>Equatorial Guinea</value></key><key name="geolocation_country_name_GRC"><value>Greece</value></key><key name="geolocation_country_name_GRD"><value>Grenada</value></key><key name="geolocation_country_name_GRL"><value>Greenland</value></key><key name="geolocation_country_name_GTM"><value>Guatemala</value></key><key name="geolocation_country_name_GUF"><value>French Guiana</value></key><key name="geolocation_country_name_GUM"><value>Guam</value></key><key name="geolocation_country_name_GUY"><value>Guyana</value></key><key name="geolocation_country_name_HKG"><value>Hong Kong</value></key><key name="geolocation_country_name_HND"><value>Honduras</value></key><key name="geolocation_country_name_HRV"><value>Croatia</value></key><key name="geolocation_country_name_HTI"><value>Haiti</value></key><key name="geolocation_country_name_HUN"><value>Hungary</value></key><key name="geolocation_country_name_IDN"><value>Indonesia</value></key><key name="geolocation_country_name_IMN"><value>Isle Of Man</value></key><key name="geolocation_country_name_IND"><value>India</value></key><key name="geolocation_country_name_IOT"><value>British Indian Ocean Territory</value></key><key name="geolocation_country_name_IRL"><value>Ireland</value></key><key name="geolocation_country_name_IRN"><value>Islamic Republic Of Iran</value></key><key name="geolocation_country_name_IRQ"><value>Iraq</value></key><key name="geolocation_country_name_ISL"><value>Iceland</value></key><key name="geolocation_country_name_ISR"><value>Israel</value></key><key name="geolocation_country_name_ITA"><value>Italy</value></key><key name="geolocation_country_name_JAM"><value>Jamaica</value></key><key name="geolocation_country_name_JEY"><value>Jersey</value></key><key name="geolocation_country_name_JOR"><value>Jordan</value></key><key name="geolocation_country_name_JPN"><value>Japan</value></key><key name="geolocation_country_name_KAZ"><value>Kazakhstan</value></key><key name="geolocation_country_name_KEN"><value>Kenya</value></key><key name="geolocation_country_name_KGZ"><value>Kyrgyzstan</value></key><key name="geolocation_country_name_KHM"><value>Cambodia</value></key><key name="geolocation_country_name_KIR"><value>Kiribati</value></key><key name="geolocation_country_name_KNA"><value>Saint Kitts And Nevis</value></key><key name="geolocation_country_name_KOR"><value>Republic Of Korea</value></key><key name="geolocation_country_name_KWT"><value>Kuwait</value></key><key name="geolocation_country_name_LAO"><value>Lao People's Democratic Republic</value></key><key name="geolocation_country_name_LBN"><value>Lebanon</value></key><key name="geolocation_country_name_LBR"><value>Liberia</value></key><key name="geolocation_country_name_LBY"><value>Libyan Arab Jamahiriya</value></key><key name="geolocation_country_name_LCA"><value>Saint Lucia</value></key><key name="geolocation_country_name_LIE"><value>Liechtenstein</value></key><key name="geolocation_country_name_LKA"><value>Sri Lanka</value></key><key name="geolocation_country_name_LSO"><value>Lesotho</value></key><key name="geolocation_country_name_LTU"><value>Lithuania</value></key><key name="geolocation_country_name_LUX"><value>Luxembourg</value></key><key name="geolocation_country_name_LVA"><value>Latvia</value></key><key name="geolocation_country_name_MAC"><value>Macao</value></key><key name="geolocation_country_name_MAF"><value>Saint Martin</value></key><key name="geolocation_country_name_MAR"><value>Morocco</value></key><key name="geolocation_country_name_MCO"><value>Monaco</value></key><key name="geolocation_country_name_MDA"><value>Republic Of Moldova</value></key><key name="geolocation_country_name_MDG"><value>Madagascar</value></key><key name="geolocation_country_name_MDV"><value>Maldives</value></key><key name="geolocation_country_name_MEX"><value>Mexico</value></key><key name="geolocation_country_name_MHL"><value>Marshall Islands</value></key><key name="geolocation_country_name_MKD"><value>The Former Yugoslav Republic Of Macedonia</value></key><key name="geolocation_country_name_MLI"><value>Mali</value></key><key name="geolocation_country_name_MLT"><value>Malta</value></key><key name="geolocation_country_name_MMR"><value>Myanmar</value></key><key name="geolocation_country_name_MNE"><value>Montenegro</value></key><key name="geolocation_country_name_MNG"><value>Mongolia</value></key><key name="geolocation_country_name_MNP"><value>Northern Mariana Islands</value></key><key name="geolocation_country_name_MOZ"><value>Mozambique</value></key><key name="geolocation_country_name_MRT"><value>Mauritania</value></key><key name="geolocation_country_name_MSR"><value>Montserrat</value></key><key name="geolocation_country_name_MTQ"><value>Martinique</value></key><key name="geolocation_country_name_MUS"><value>Mauritius</value></key><key name="geolocation_country_name_MWI"><value>Malawi</value></key><key name="geolocation_country_name_MYS"><value>Malaysia</value></key><key name="geolocation_country_name_MYT"><value>Mayotte</value></key><key name="geolocation_country_name_NAM"><value>Namibia</value></key><key name="geolocation_country_name_NCL"><value>New Caledonia</value></key><key name="geolocation_country_name_NER"><value>Niger</value></key><key name="geolocation_country_name_NFK"><value>Norfolk Island</value></key><key name="geolocation_country_name_NGA"><value>Nigeria</value></key><key name="geolocation_country_name_NIC"><value>Nicaragua</value></key><key name="geolocation_country_name_NIU"><value>Niue</value></key><key name="geolocation_country_name_NLD"><value>Netherlands</value></key><key name="geolocation_country_name_NOR"><value>Norway</value></key><key name="geolocation_country_name_NPL"><value>Nepal</value></key><key name="geolocation_country_name_NRU"><value>Nauru</value></key><key name="geolocation_country_name_NZL"><value>New Zealand</value></key><key name="geolocation_country_name_OMN"><value>Oman</value></key><key name="geolocation_country_name_PAK"><value>Pakistan</value></key><key name="geolocation_country_name_PAN"><value>Panama</value></key><key name="geolocation_country_name_PER"><value>Peru</value></key><key name="geolocation_country_name_PHL"><value>Philippines</value></key><key name="geolocation_country_name_PLW"><value>Palau</value></key><key name="geolocation_country_name_PNG"><value>Papua New Guinea</value></key><key name="geolocation_country_name_POL"><value>Poland</value></key><key name="geolocation_country_name_PRI"><value>Puerto Rico</value></key><key name="geolocation_country_name_PRK"><value>Democratic People's Republic Of Korea</value></key><key name="geolocation_country_name_PRT"><value>Portugal</value></key><key name="geolocation_country_name_PRY"><value>Paraguay</value></key><key name="geolocation_country_name_PSE"><value>Palestinian Territory, Occupied</value></key><key name="geolocation_country_name_PYF"><value>French Polynesia</value></key><key name="geolocation_country_name_QAT"><value>Qatar</value></key><key name="geolocation_country_name_REU"><value>Reunion</value></key><key name="geolocation_country_name_ROM"><value>Romania</value></key><key name="geolocation_country_name_RUS"><value>Russian Federation</value></key><key name="geolocation_country_name_RWA"><value>Rwanda</value></key><key name="geolocation_country_name_SAU"><value>Saudi Arabia</value></key><key name="geolocation_country_name_SCG"><value>Serbia And Montenegro</value></key><key name="geolocation_country_name_SDN"><value>Sudan</value></key><key name="geolocation_country_name_SEN"><value>Senegal</value></key><key name="geolocation_country_name_SGP"><value>Singapore</value></key><key name="geolocation_country_name_SGS"><value>South Georgia And The South Sandwich Islands</value></key><key name="geolocation_country_name_SLB"><value>Solomon Islands</value></key><key name="geolocation_country_name_SLE"><value>Sierra Leone</value></key><key name="geolocation_country_name_SLV"><value>El Salvador</value></key><key name="geolocation_country_name_SMR"><value>San Marino</value></key><key name="geolocation_country_name_SOM"><value>Somalia</value></key><key name="geolocation_country_name_SPM"><value>Saint Pierre And Miquelon</value></key><key name="geolocation_country_name_SRB"><value>Serbia</value></key><key name="geolocation_country_name_STP"><value>Sao Tome And Principe</value></key><key name="geolocation_country_name_SUR"><value>Suriname</value></key><key name="geolocation_country_name_SVK"><value>Slovakia</value></key><key name="geolocation_country_name_SVN"><value>Slovenia</value></key><key name="geolocation_country_name_SWE"><value>Sweden</value></key><key name="geolocation_country_name_SWZ"><value>Swaziland</value></key><key name="geolocation_country_name_SYC"><value>Seychelles</value></key><key name="geolocation_country_name_SYR"><value>Syrian Arab Republic</value></key><key name="geolocation_country_name_TCA"><value>Turks And Caicos Islands</value></key><key name="geolocation_country_name_TCD"><value>Chad</value></key><key name="geolocation_country_name_TGO"><value>Togo</value></key><key name="geolocation_country_name_THA"><value>Thailand</value></key><key name="geolocation_country_name_TJK"><value>Tajikistan</value></key><key name="geolocation_country_name_TKL"><value>Tokelau</value></key><key name="geolocation_country_name_TKM"><value>Turkmenistan</value></key><key name="geolocation_country_name_TLS"><value>Timor-leste</value></key><key name="geolocation_country_name_TON"><value>Tonga</value></key><key name="geolocation_country_name_TTO"><value>Trinidad And Tobago</value></key><key name="geolocation_country_name_TUN"><value>Tunisia</value></key><key name="geolocation_country_name_TUR"><value>Turkey</value></key><key name="geolocation_country_name_TUV"><value>Tuvalu</value></key><key name="geolocation_country_name_TWN"><value>Taiwan</value></key><key name="geolocation_country_name_TZA"><value>United Republic Of Tanzania</value></key><key name="geolocation_country_name_UGA"><value>Uganda</value></key><key name="geolocation_country_name_UKR"><value>Ukraine</value></key><key name="geolocation_country_name_UMI"><value>United States Minor Outlying Islands</value></key><key name="geolocation_country_name_URY"><value>Uruguay</value></key><key name="geolocation_country_name_USA"><value>United States</value></key><key name="geolocation_country_name_UZB"><value>Uzbekistan</value></key><key name="geolocation_country_name_VAT"><value>Holy See (vatican City State)</value></key><key name="geolocation_country_name_VCT"><value>Saint Vincent And The Grenadines</value></key><key name="geolocation_country_name_VEN"><value>Venezuela</value></key><key name="geolocation_country_name_VGB"><value>Virgin Islands, British</value></key><key name="geolocation_country_name_VIR"><value>Virgin Islands, U.s.</value></key><key name="geolocation_country_name_VNM"><value>Viet Nam</value></key><key name="geolocation_country_name_VUT"><value>Vanuatu</value></key><key name="geolocation_country_name_WLF"><value>Wallis And Futuna</value></key><key name="geolocation_country_name_WSM"><value>Samoa</value></key><key name="geolocation_country_name_YEM"><value>Yemen</value></key><key name="geolocation_country_name_ZAF"><value>South Africa</value></key><key name="geolocation_country_name_ZMB"><value>Zambia</value></key><key name="geolocation_country_name_ZWE"><value>Zimbabwe</value></key><key name="join_activity_string"><value>&lt;a href="{$userUrl}"&gt;{$user}&lt;/a&gt; joined our site!</value></key><key name="join_activity_user_avatar"><value>&lt;a href="{$userUrl}"&gt;&lt;img src="{$avatarUrl}" alt="{$user}"&gt;&lt;/a&gt;</value></key><key name="join_connect_title"><value>Sign in with</value></key><key name="join_error_email_already_exist"><value>Sorry, this email is already used</value></key><key name="join_error_email_not_valid"><value>Please, enter a valid email address</value></key><key name="join_error_password_not_valid"><value>Please enter a valid password</value></key><key name="join_error_password_too_long"><value>Password should have less than 15 characters</value></key><key name="join_error_password_too_short"><value>Password should have more than 4 characters</value></key><key name="join_error_photo_file_is_not_valid"><value>File type not allowed</value></key><key name="join_error_username_already_exist"><value>Sorry, this username already exists</value></key><key name="join_error_username_not_valid"><value>Please, enter a valid username</value></key><key name="join_error_username_restricted"><value>Sorry, this username is restricted</value></key><key name="join_form_title"><value>Register your profile</value></key><key name="join_index"><value>Join our community</value></key><key name="join_index_join_button"><value>Join Now</value></key><key name="join_not_valid_invite_code"><value>Sorry, site registration is closed</value></key><key name="join_or"><value>OR</value></key><key name="join_promo"><value>Join our fast-growing community. Find new friends, date up, share photo and video.&#13;
Enjoy!</value></key><key name="join_submit_button_continue"><value>Continue</value></key><key name="join_submit_button_join"><value>Join</value></key><key name="join_successful_join"><value>Registration successful</value></key><key name="local_page_content_page-119658"><value>Terms of use</value></key><key name="local_page_content_page-225003"><value>sdffsdf</value></key><key name="local_page_content_page-283934"><value>whoohaa</value></key><key name="local_page_content_page-312097"><value>qqq</value></key><key name="local_page_content_page-354035"/><key name="local_page_content_page-366195"><value>sfdaf</value></key><key name="local_page_content_page-6940"><value>sdfsdf</value></key><key name="local_page_content_page-728242"><value>sdfsdfsdf</value></key><key name="local_page_content_page-775058"><value>qqqq</value></key><key name="local_page_content_page_13904610"><value>custom page</value></key><key name="local_page_content_page_24622628"><value>custom page</value></key><key name="local_page_content_page_45248787"><value></value></key><key name="local_page_content_page_88027910"><value>mmm</value></key><key name="local_page_meta_tags_page-119658"><value>Terms of use</value></key><key name="local_page_meta_tags_page-396264"/><key name="local_page_meta_tags_page_13904610"><value></value></key><key name="local_page_meta_tags_page_24622628"><value>custom page</value></key><key name="local_page_meta_tags_page_45248787"><value></value></key><key name="local_page_meta_tags_page_88027910"><value></value></key><key name="local_page_title_page-119658"><value>Terms of use</value></key><key name="local_page_title_page-225003"><value>sdfsd</value></key><key name="local_page_title_page-283934"><value>whoohaa</value></key><key name="local_page_title_page-312097"><value>qqq</value></key><key name="local_page_title_page-366195"><value>2q3r3</value></key><key name="local_page_title_page-396264"/><key name="local_page_title_page-6940"><value>sdf</value></key><key name="local_page_title_page-728242"><value>8aaxaxa</value></key><key name="local_page_title_page-775058"><value>aaa</value></key><key name="local_page_title_page-939960"/><key name="local_page_title_page_13904610"><value>custom page</value></key><key name="local_page_title_page_24622628"><value>custom page</value></key><key name="local_page_title_page_45248787"><value>Test installation on XAMP</value></key><key name="local_page_title_page_88027910"><value>mmm</value></key><key name="mail_template_admin_invite_user_content_html"><value>&lt;p&gt;&#13;
Hi,&#13;
&lt;/p&gt;&#13;
&lt;p&gt;&#13;
We invite you to join our website - {$site_name}.&lt;br /&gt;&#13;
Please register &lt;a href="{$url}"&gt;here&lt;/a&gt;&#13;
&lt;/p&gt;&#13;
Administration&lt;br /&gt;&#13;
{$site_url}</value></key><key name="mail_template_admin_invite_user_content_text"><value>Hi,&#13;
&#13;
We invite you to join our website - {$site_name}.&#13;
Please join here: {$url}&#13;
&#13;
Administration&#13;
{$site_url}</value></key><key name="mail_template_admin_invite_user_subject"><value>Invitation to {$site_name}</value></key><key name="main_menu_index"><value>Main</value></key><key name="main_menu_my_profile"><value>My Profile</value></key><key name="manage_plugins_add_success_message"><value>Plugin is uploaded and ready for installation</value></key><key name="manage_plugins_install_empty_key_error_message"><value>Can't install plugin with empty key</value></key><key name="manage_plugins_install_error_message"><value>Errors occurred while installing plugin "{$plugin}". Please uninstall it and try again.</value></key><key name="mark_email_verified_btn"><value>Mark email verified</value></key><key name="massmailing_unsubscribe"><value>Unsubscribe</value></key><key name="massmailing_unsubscribe_failed"><value>Unsubscription failed. &#13;
&lt;br /&gt;&#13;
Please make sure you entered unsubscribe link correctly.</value></key><key name="massmailing_unsubscribe_successful"><value>You have been successfully unsubscribed.&#13;
&lt;br /&gt;&#13;
Thank you.</value></key><key name="media_panel_file_deleted"><value>Deleted</value></key><key name="moderator_panel"><value>Moderator Panel</value></key><key name="month"><value>Month</value></key><key name="month_1"><value>January</value></key><key name="month_10"><value>October</value></key><key name="month_11"><value>November</value></key><key name="month_12"><value>December</value></key><key name="month_2"><value>February</value></key><key name="month_3"><value>March</value></key><key name="month_4"><value>April</value></key><key name="month_5"><value>May</value></key><key name="month_6"><value>June</value></key><key name="month_7"><value>July</value></key><key name="month_8"><value>August</value></key><key name="month_9"><value>September</value></key><key name="more"><value>More</value></key><key name="mp_gal_align"><value>Align</value></key><key name="mp_gal_center"><value>Center</value></key><key name="mp_gal_delete"><value>remove</value></key><key name="mp_gal_fullsize"><value>Fullsize</value></key><key name="mp_gal_hide"><value>hide</value></key><key name="mp_gal_ins_into_post"><value>Insert into post</value></key><key name="mp_gal_left"><value>Left</value></key><key name="mp_gal_none"><value>None</value></key><key name="mp_gal_pic_url"><value>URL</value></key><key name="mp_gal_preview"><value>Preview</value></key><key name="mp_gal_right"><value>Right</value></key><key name="mp_gal_show"><value>show</value></key><key name="my_avatar_widget"><value>My profile</value></key><key name="my_profile_heading"><value>My Profile</value></key><key name="my_profile_title"><value>My profile</value></key><key name="new_message_count_text"><value>You have {$count} new messages</value></key><key name="no"><value>No</value></key><key name="notification_section_label"><value>Base</value></key><key name="not_valid_image"><value>The image in not valid</value></key><key name="openwack"><value>Community software</value></key><key name="page-119658"><value>Terms of use</value></key><key name="page-354035"/><key name="page-396264"/><key name="page-518675"/><key name="page-728242"><value>8aaxaxa</value></key><key name="page-939960"/><key name="pages_add_item"><value>Add Item</value></key><key name="pages_add_submit"><value>Submit</value></key><key name="pages_back"><value>Back</value></key><key name="pages_label"><value>Pages:</value></key><key name="page_13904610"><value>custom page</value></key><key name="page_24622628"><value>custom page</value></key><key name="page_45248787"><value>test</value></key><key name="page_88027910"><value>mmm</value></key><key name="paging_label_first"><value>««</value></key><key name="paging_label_last"><value>»»</value></key><key name="paging_label_next"><value>»</value></key><key name="paging_label_prev"><value>«</value></key><key name="password_protection_cap_label"><value>Enter Password</value></key><key name="password_protection_error_message"><value>Invalid password</value></key><key name="password_protection_submit_label"><value>Enter</value></key><key name="password_protection_success_message"><value>Redirecting...</value></key><key name="password_protection_text"><value>Sorry, site is closed for public view.</value></key><key name="preference_index"><value>My Preferences</value></key><key name="preference_mass_mailing_subscribe_description"><value>Uncheck this box to stop receiving mass-mailing</value></key><key name="preference_mass_mailing_subscribe_label"><value>Subscribe to newsletter</value></key><key name="preference_no_items"><value>no items</value></key><key name="preference_preference_data_not_changed"><value>Settings not changed</value></key><key name="preference_preference_data_was_saved"><value>Settings changed</value></key><key name="preference_section_general"><value>General</value></key><key name="preference_submit_button"><value>Save</value></key><key name="privacy_action_view_my_presence_on_site"><value>View my presence on site</value></key><key name="privacy_action_view_profile"><value>View my profile</value></key><key name="profile_comment_notification"><value>&lt;a href="{$userUrl}"&gt;{$userName}&lt;/a&gt; commented on your profile: &lt;a href="{$profileUrl}"&gt;My profile&lt;/a&gt;</value></key><key name="profile_toolbar_user_approve_label"><value>Approve</value></key><key name="profile_toolbar_user_delete_label"><value>Delete</value></key><key name="profile_view_heading"><value>{$username}</value></key><key name="profile_view_title"><value>{$username}</value></key><key name="questions_account_type_290365aadde35a97f11207ca7e4279cc"><value>Standard</value></key><key name="questions_account_type_77f92557420351da5a45e37a13857657"><value>test</value></key><key name="questions_account_type_all"><value>All account types</value></key><key name="questions_account_type_db5c851569c8660abb5ad2441d38d3fc"><value>test1</value></key><key name="questions_account_type_ef5e279523aed72d87fd8a1fd59d592f"><value>General User</value></key><key name="questions_account_type_was_added"><value>Account type has been added</value></key><key name="questions_add_new_account_type"><value>Add new account type</value></key><key name="questions_admin_add_new_values"><value>Add new values</value></key><key name="questions_admin_delete_label"><value>Delete</value></key><key name="questions_admin_description_label"><value>Short description if necessary</value></key><key name="questions_admin_edit_label"><value>Edit</value></key><key name="questions_admin_question_label"><value>Question</value></key><key name="questions_age_year_old"><value>y.o.</value></key><key name="questions_checkbox_value_false"><value>No</value></key><key name="questions_checkbox_value_true"><value>Yes</value></key><key name="questions_config_date_field_format_dmy"><value>day/month/year</value></key><key name="questions_config_date_field_format_label"><value>Date format</value></key><key name="questions_config_date_field_format_mdy"><value>month/day/year</value></key><key name="questions_config_user_view_presentation_description"><value>If you have many profile questions it may be helpful to view sections as tabs on profile view page.</value></key><key name="questions_config_user_view_presentation_label"><value>View sections as tabs</value></key><key name="questions_empty_lang_value"><value>No value</value></key><key name="questions_menu_add"><value>Add Question</value></key><key name="questions_menu_editAccountType"><value>Edit Account Types</value></key><key name="questions_menu_index"><value>Profile Questions</value></key><key name="questions_menu_settings"><value>Settings</value></key><key name="questions_no_section_label"><value>No section</value></key><key name="questions_question_06c1ce07a38cb0267e45ec955ed84a6f_description"><value>test</value></key><key name="questions_question_06c1ce07a38cb0267e45ec955ed84a6f_label"><value>test</value></key><key name="questions_question_2be5f9666f2a291d33705d58a902d84a_description"><value>test1</value></key><key name="questions_question_2be5f9666f2a291d33705d58a902d84a_label"><value>test1</value></key><key name="questions_question_4bddc7149038118992db4e734414520d_description"/><key name="questions_question_4bddc7149038118992db4e734414520d_label"/><key name="questions_question_4bddc7149038118992db4e734414520d_value_1"/><key name="questions_question_4bddc7149038118992db4e734414520d_value_16"/><key name="questions_question_4bddc7149038118992db4e734414520d_value_2"/><key name="questions_question_4bddc7149038118992db4e734414520d_value_32"/><key name="questions_question_4bddc7149038118992db4e734414520d_value_4"/><key name="questions_question_4bddc7149038118992db4e734414520d_value_8"/><key name="questions_question_707a72f79f82d1bfbc35f9e857af97c5_description"/><key name="questions_question_707a72f79f82d1bfbc35f9e857af97c5_label"/><key name="questions_question_7f2450f06779439551c75a8566c4070e_value_1"><value>213</value></key><key name="questions_question_7f2450f06779439551c75a8566c4070e_value_16"><value>12</value></key><key name="questions_question_7f2450f06779439551c75a8566c4070e_value_2"><value>12321</value></key><key name="questions_question_7f2450f06779439551c75a8566c4070e_value_32"><value>321</value></key><key name="questions_question_7f2450f06779439551c75a8566c4070e_value_4"><value>21312</value></key><key name="questions_question_7f2450f06779439551c75a8566c4070e_value_8"><value>123</value></key><key name="questions_question_7fbd88047415229961f4d2aac620fe25_value_1"><value>werwrw</value></key><key name="questions_question_7fbd88047415229961f4d2aac620fe25_value_16"><value>ew</value></key><key name="questions_question_7fbd88047415229961f4d2aac620fe25_value_2"><value>wer</value></key><key name="questions_question_7fbd88047415229961f4d2aac620fe25_value_32"><value>r</value></key><key name="questions_question_7fbd88047415229961f4d2aac620fe25_value_4"><value>wr</value></key><key name="questions_question_7fbd88047415229961f4d2aac620fe25_value_64"><value>w</value></key><key name="questions_question_7fbd88047415229961f4d2aac620fe25_value_8"><value>wer</value></key><key name="questions_question_9221d78a4201eac23c972e1d4aa2cee6_description"><value></value></key><key name="questions_question_9221d78a4201eac23c972e1d4aa2cee6_label"><value>Music</value></key><key name="questions_question_9c187792aa5cda7256f032ed2e517512_description"/><key name="questions_question_9c187792aa5cda7256f032ed2e517512_label"/><key name="questions_question_a5115de7f38988e748370a59ba0b311d_description"><value>test1</value></key><key name="questions_question_a5115de7f38988e748370a59ba0b311d_label"><value>test1</value></key><key name="questions_question_a5115de7f38988e748370a59ba0b311d_value_1"><value>112</value></key><key name="questions_question_a5115de7f38988e748370a59ba0b311d_value_2"><value>12312</value></key><key name="questions_question_a5115de7f38988e748370a59ba0b311d_value_4"><value>123123</value></key><key name="questions_question_a5115de7f38988e748370a59ba0b311d_value_8"><value>12312312</value></key><key name="questions_question_accountType_description"><value>Choose account type</value></key><key name="questions_question_accountType_label"><value>Account type</value></key><key name="questions_question_account_type_label"><value>Account Type</value></key><key name="questions_question_birthdate_description"><value></value></key><key name="questions_question_birthdate_label"><value>Birthday</value></key><key name="questions_question_c441a8a9b955647cdf4c81562d39068a_description"><value></value></key><key name="questions_question_c441a8a9b955647cdf4c81562d39068a_label"><value>Favorite books</value></key><key name="questions_question_c5dc53f371fe6ba3001a7c7e31bd95fc_description"><value></value></key><key name="questions_question_c5dc53f371fe6ba3001a7c7e31bd95fc_label"><value>I can help others with</value></key><key name="questions_question_c5dc53f371fe6ba3001a7c7e31bd95fc_value_1"><value>Installation</value></key><key name="questions_question_c5dc53f371fe6ba3001a7c7e31bd95fc_value_16"><value>Consulting</value></key><key name="questions_question_c5dc53f371fe6ba3001a7c7e31bd95fc_value_2"><value>Troubleshooting</value></key><key name="questions_question_c5dc53f371fe6ba3001a7c7e31bd95fc_value_4"><value>Plugin Development</value></key><key name="questions_question_c5dc53f371fe6ba3001a7c7e31bd95fc_value_8"><value>Theme Design</value></key><key name="questions_question_d37d41b71a78dfb62b379d0aa7bd3ba5_value_1"><value>123</value></key><key name="questions_question_ecef9fe729d11241c04609c3a7ca468e_description"><value>test2</value></key><key name="questions_question_ecef9fe729d11241c04609c3a7ca468e_label"><value>test2</value></key><key name="questions_question_email_description"><value>Should be valid</value></key><key name="questions_question_email_label"><value>Email</value></key><key name="questions_question_joinStamp_description"><value></value></key><key name="questions_question_joinStamp_label"><value>Join Date</value></key><key name="questions_question_match_sex_description"><value></value></key><key name="questions_question_match_sex_label"><value>Looking for</value></key><key name="questions_question_match_sex_value_1"><value>Male</value></key><key name="questions_question_match_sex_value_2"><value>Female</value></key><key name="questions_question_password_description"><value></value></key><key name="questions_question_password_label"><value>Password</value></key><key name="questions_question_presentation_age_label"><value>Date</value></key><key name="questions_question_presentation_birthdate_label"><value>Date</value></key><key name="questions_question_presentation_checkbox_label"><value>Yes/No</value></key><key name="questions_question_presentation_date_label"><value>Date</value></key><key name="questions_question_presentation_multicheckbox_label"><value>Multiple choice</value></key><key name="questions_question_presentation_password_label"><value>Password</value></key><key name="questions_question_presentation_radio_label"><value>Single choice</value></key><key name="questions_question_presentation_select_label"><value>Single choice</value></key><key name="questions_question_presentation_textarea_label"><value>Extended text</value></key><key name="questions_question_presentation_text_label"><value>Text</value></key><key name="questions_question_presentation_url_label"><value>URL</value></key><key name="questions_question_realname_description"><value>First name and Last name</value></key><key name="questions_question_realname_label"><value>Real name</value></key><key name="questions_question_relationship_description"><value></value></key><key name="questions_question_relationship_label"><value>Here for</value></key><key name="questions_question_relationship_value_1"><value>Fun</value></key><key name="questions_question_relationship_value_2"><value>Whatever</value></key><key name="questions_question_relationship_value_4"><value>Dating</value></key><key name="questions_question_relationship_value_8"><value>Friendship</value></key><key name="questions_question_repeatPassword_description"/><key name="questions_question_repeat_password_label"><value>Repeat password</value></key><key name="questions_question_sex_description"><value></value></key><key name="questions_question_sex_label"><value>Gender</value></key><key name="questions_question_sex_value_1"><value>Male</value></key><key name="questions_question_sex_value_2"><value>Female</value></key><key name="questions_question_username_description"><value>Should contain only letters and digits</value></key><key name="questions_question_username_label"><value>Username</value></key><key name="questions_question_user_photo_description"><value></value></key><key name="questions_question_user_photo_label"><value>User photo</value></key><key name="questions_question_user_terms_of_use_label"><value>I agree with &lt;a target='blank' href='{$site_url}terms-of-use' &gt;terms of use&lt;/a&gt;</value></key><key name="questions_section_47f3a94e6cfe733857b31116ce21c337_label"><value>Interests</value></key><key name="questions_section_captcha_label"><value>Captcha</value></key><key name="questions_section_f90cde5913235d172603cc4e7b9726e3_label"><value>Basic</value></key><key name="questions_section_terms_of_use_label"><value>Terms of use</value></key><key name="questions_section_user_photo_label"><value>User photo</value></key><key name="rates_box_cap_label"><value>Rate</value></key><key name="rate_cmp_auth_error_message"><value>Guests are not allowed to rate</value></key><key name="rate_cmp_owner_cant_rate_error_message"><value>You can't rate your own content</value></key><key name="rate_cmp_success_message"><value>Rate successful</value></key><key name="reset_password_cap_label"><value>Create new password</value></key><key name="reset_password_code_expired_cap_label"><value>Expired reset code</value></key><key name="reset_password_code_expired_text"><value>Unfortunately you reset code is invalid or expired. Please follow the &lt;a href="{$url}"&gt;link&lt;/a&gt; and try to reset it again.</value></key><key name="reset_password_field_label"><value>New password</value></key><key name="reset_password_form_text"><value>Hello {$username}, enter your new password below:</value></key><key name="reset_password_heading"><value>Reset your password</value></key><key name="reset_password_length_error_message"><value>Password length should be between {$min} and {$max} symbols</value></key><key name="reset_password_mail_template_content_html"><value>Dear {$username},&#13;
&lt;br /&gt;&#13;
You requested to reset your password. Follow this link ({$resetUrl}) to change your password.&#13;
&lt;br /&gt;&#13;
If the link doesn't work, please enter the code manually here ({$requestUrl}). Code: {$code}&#13;
&lt;br /&gt;&#13;
If you didn't request password reset, please ignore this email.&#13;
&lt;br /&gt;&lt;br /&gt;&#13;
Thank you,&#13;
{$site_name}&lt;br /&gt;</value></key><key name="reset_password_mail_template_content_txt"><value>Dear {$username},&#13;
&#13;
You requested to reset your password. Follow this link ({$resetUrl}) to change your password.&#13;
&#13;
If the link doesn't work, please enter the code manually here ({$requestUrl}). Code: {$code}&#13;
&#13;
If you didn't request password reset, please ignore this email.&#13;
&#13;
Thank you,&#13;
{$site_name}</value></key><key name="reset_password_mail_template_subject"><value>Reset code for new password</value></key><key name="reset_password_not_equal_error_message"><value>Values in 'password' and 'repeat password' fields should be equal</value></key><key name="reset_password_repeat_field_label"><value>Repeat password</value></key><key name="reset_password_request_cap_label"><value>Enter your reset code</value></key><key name="reset_password_request_form_text"><value>Type in the reset code sent to you. Then you can enter a new password.</value></key><key name="reset_password_request_heading"><value>Reset password request</value></key><key name="reset_password_request_invalid_code_error_message"><value>Please enter valid reset code</value></key><key name="reset_password_request_submit_label"><value>Submit</value></key><key name="reset_password_submit_label"><value>Submit</value></key><key name="reset_password_success_message"><value>Your password successfully changed</value></key><key name="rss_widget_count_label"><value>Item count</value></key><key name="rss_widget_default_title"><value>RSS</value></key><key name="rss_widget_title_only_label"><value>Titles only</value></key><key name="rss_widget_url_invalid_msg"><value>Enter valid URL</value></key><key name="rss_widget_url_label"><value>URL</value></key><key name="search_users"><value>Search users</value></key><key name="sign_in_remember_me_label"><value>Remember me</value></key><key name="sign_in_submit_label"><value>Sign In</value></key><key name="site_email_verify_subject"><value>Verify email</value></key><key name="site_email_verify_template_html"><value>&lt;p&gt;&#13;
Hello,&#13;
&lt;/p&gt;&#13;
&lt;p&gt;&#13;
Someone (probably you) set this email address as the official email address of &lt;a href="{$site_url}"&gt;{$site_name}&lt;/a&gt; website.&#13;
&lt;/p&gt;&#13;
&lt;p&gt;&#13;
To complete this process you need to verify this email address by opening the following URL: &lt;a href="{$url}"&gt;{$url}&lt;/a&gt;&#13;
&lt;/p&gt;&#13;
&lt;p&gt;&#13;
Alternatively you can open &lt;a href="{$verification_page_url}"&gt;this URL&lt;/a&gt; and paste there the following code: &lt;b&gt;{$code}&lt;/b&gt;&#13;
&lt;/p&gt;&#13;
&lt;p&gt;&#13;
If you didn't try to do that safely ignore this message and your email will not be used.&#13;
&lt;/p&gt;&#13;
&lt;p&gt;&#13;
Thank you,&lt;br /&gt;&#13;
Administration&lt;br /&gt;&#13;
{$site_name}&lt;br /&gt;&#13;
{$site_url}&#13;
&lt;/p&gt;</value></key><key name="site_email_verify_template_text"><value>Hello,&#13;
&#13;
Someone (probably you) set this email address as the official email address of {$site_name} ({$site_url}) website.&#13;
&#13;
To complete this process you need to verify this email address by opening the following URL: {$url}&#13;
&#13;
Alternatively you can open this URL: {$verification_page_url} and paste there the following code: {$code}&#13;
&#13;
If you didn't try to do that safely ignore this message and your email will not be used.&#13;
&#13;
Thank you,&#13;
Administration&#13;
{$site_name}&#13;
{$site_url}</value></key><key name="skalfa"><value>Social software</value></key><key name="suspended_user_page_content"><value>&lt;center&gt;Sorry your account is suspended. Please contact site administrator.&lt;/center&gt;</value></key><key name="suspend_user_btn"><value>Suspend</value></key><key name="tag_cloud_cap_label"><value>Browse by Tags</value></key><key name="tag_search"><value>Tag Search</value></key><key name="tag_search_empty_value_error"><value>Please enter tag</value></key><key name="tf_allow_pics"><value>Allow picture upload</value></key><key name="tf_img_choose_file"><value>Choose File</value></key><key name="tf_img_from_url"><value>From URL</value></key><key name="tf_img_gal"><value>Gallery</value></key><key name="tf_img_max_size"><value>File size limit is</value></key><key name="tf_img_types"><value>Acceptable file types:</value></key><key name="tf_img_url"><value>Image URL</value></key><key name="tf_insert"><value>Insert</value></key><key name="tf_max_img_size"><value>Maximum file size</value></key><key name="tf_sett_section"><value>Rich text user input</value></key><key name="time"><value>Time</value></key><key name="total_score_label"><value>Total:&lt;/span&gt; (&lt;span class="ow_outline"&gt;{$ratesCount}&lt;/span&gt; rates)</value></key><key name="unique_local_page_error"><value>Sorry, a page with this address already exists</value></key><key name="unsuspend_user_btn"><value>Re-activate</value></key><key name="upload"><value>Upload</value></key><key name="usercredits_action_add_comment"><value>Write on comment wall</value></key><key name="usercredits_action_daily_login"><value>Daily login</value></key><key name="usercredits_action_search_users"><value>Search users</value></key><key name="usercredits_action_user_join"><value>User join</value></key><key name="users"><value>Users</value></key><key name="users_browse_page_heading"><value>Browse Users</value></key><key name="users_main_menu_item"><value>Members</value></key><key name="user_action_mark_as_featured"><value>Mark as featured</value></key><key name="user_action_unmark_as_featured"><value>Remove from featured</value></key><key name="user_approved"><value>User approved</value></key><key name="user_approved_mail_html"><value>&lt;p&gt;&#13;
Dear {$user_name},&#13;
&lt;/p&gt;&#13;
&lt;p&gt;&#13;
We are glad to let you know that your account on &lt;a href="{$site_url}"&gt;{$site_name}&lt;/a&gt; has been approved. Now you can sign in here: &lt;a href="{$site_url}"&gt;{$site_url}&lt;/a&gt;&#13;
&lt;/p&gt;&#13;
&lt;p&gt;&#13;
We hope you enjoy our site to the fullest.&#13;
&lt;/p&gt;&#13;
&lt;p&gt;&#13;
Thank you,&lt;br /&gt;&#13;
Administration&lt;br /&gt;&#13;
&lt;a href="{$site_url}"&gt;{$site_name}&lt;/a&gt;&#13;
&lt;/p&gt;</value></key><key name="user_approved_mail_subject"><value>Your account has been approved</value></key><key name="user_approved_mail_txt"><value>Dear {$user_name},&#13;
&#13;
We are glad to let you know that your account on {$site_name} has been approved. Now you can sign in here: {$site_url}&#13;
&#13;
We hope you enjoy our site to the fullest.&#13;
&#13;
Thank you,&#13;
Administration&#13;
{$site_name}&#13;
{$site_url}</value></key><key name="user_feedback_marked_as_featured"><value>User marked as featured</value></key><key name="user_feedback_profiles_unsuspended"><value>Selected users have been re-activated</value></key><key name="user_feedback_profile_suspended"><value>Profile suspended</value></key><key name="user_feedback_profile_unsuspended"><value>Profile re-activated</value></key><key name="user_feedback_unmarked_as_featured"><value>User removed from featured</value></key><key name="user_list_activity"><value>Activity</value></key><key name="user_list_menu_item_birthdays"><value>Birthdays</value></key><key name="user_list_menu_item_featured"><value>Featured</value></key><key name="user_list_menu_item_latest"><value>Latest</value></key><key name="user_list_menu_item_online"><value>Online</value></key><key name="user_list_online"><value>online now</value></key><key name="user_list_widget_empty"><value>Oops, no profiles</value></key><key name="user_list_widget_settings_count"><value>Count</value></key><key name="user_list_widget_settings_title"><value>Users</value></key><key name="user_no_users"><value>No users</value></key><key name="user_page_heading_status"><value>{$username} &lt;span class="ow_small"&gt;{$status}&lt;/span&gt;</value></key><key name="user_page_suspended"><value>&lt;center&gt;Suspended user&lt;/center&gt;</value></key><key name="user_search_authorization_warning"><value>You are not authorized to search users</value></key><key name="user_search_back_to_search_from"><value>Back to search from</value></key><key name="user_search_display_name_search_label"><value>Search by Name</value></key><key name="user_search_main_search_label"><value>Main Search</value></key><key name="user_search_menu_item_label"><value>Search</value></key><key name="user_search_page_heading"><value>User Search</value></key><key name="user_search_submit_button_label"><value>Search</value></key><key name="user_suspend_btn_lbl"><value>Suspend</value></key><key name="user_unsuspend_btn_lbl"><value>Re-activate</value></key><key name="view_all"><value>View all</value></key><key name="view_index"><value>Profile Details</value></key><key name="view_more_label"><value>View more</value></key><key name="view_no_section_label"><value>Basic</value></key><key name="view_profile_no_permission"><value>You are not allowed to view profiles</value></key><key name="wackwall"><value>Social network builder</value></key><key name="wait_for_approval"><value>&lt;center&gt;Your account is pending approval&lt;/center&gt;</value></key><key name="welcome_letter_subject"><value>{$site_name} registration</value></key><key name="welcome_letter_template_html"><value>Welcome to &lt;a href="{$site_url}"&gt;{$site_name}&lt;/a&gt;! Thanks for joining us. Here are some quick links that you need to find your way around:&lt;br/&gt;&#13;
- &lt;a href="{$site_url}"&gt;Main page&lt;/a&gt;&lt;br/&gt;&#13;
- &lt;a href="{$site_url}profile/avatar"&gt;Change avatar&lt;/a&gt;&lt;br/&gt;&#13;
- &lt;a href="{$site_url}profile/edit"&gt;Change profile details&lt;/a&gt;&lt;br/&gt;&#13;
- &lt;a href="{$site_url}my-profile"&gt;Preview/rearrange profile&lt;/a&gt;&lt;br/&gt;&#13;
- &lt;a href="{$site_url}users"&gt;Look who's in&lt;/a&gt;&lt;br/&gt;&#13;
Feel free to participate in our community!&lt;br/&gt;&#13;
&lt;a href="{$site_url}"&gt;{$site_name}&lt;/a&gt; administration&lt;br/&gt;</value></key><key name="welcome_letter_template_text"><value>Welcome to {$site_name}! Thanks for joining us. Here are some quick links that you need to find your way around:&#13;
- Main page: {$site_url}&#13;
- Change avatar: {$site_url}profile/avatar&#13;
- Change profile details: {$site_url}profile/edit&#13;
- Preview/rearrange profile: {$site_url}my-profile&#13;
- Look who's in: {$site_url}users&#13;
Feel free to participate in our community!&#13;
{$site_name} administration&#13;
{$site_url}</value></key><key name="white_spaces_dissalowed"><value>Spaces are not allowed</value></key><key name="widgets_action_delete"><value>Delete</value></key><key name="widgets_action_edit"><value>Edit</value></key><key name="widgets_admin_customization_box_title"><value>User Customization</value></key><key name="widgets_admin_dashboard_heading"><value>User Dashboard</value></key><key name="widgets_admin_legend"><value>&lt;span class="ow_mild_red"&gt;Red items&lt;/span&gt; are "frozen". Frozen items' positions are fixed and can not be moved or edited by user. They always occupy the upper positions in containers.</value></key><key name="widgets_admin_profile_heading"><value>User Profile Settings</value></key><key name="widgets_admin_section_information"><value>&lt;span class="ow_mild_green"&gt;Drag'n'drop&lt;/span&gt; items to the page sample below to add features or custom components.</value></key><key name="widgets_allow_customize_label"><value>Allow users to customize this page</value></key><key name="widgets_allow_customize_legend"><value>You can let users customize this page components. However they will not be able to change page layout.</value></key><key name="widgets_customize_btn"><value>Customize this page</value></key><key name="widgets_customize_label"><value>Customize this page</value></key><key name="widgets_default_settings_freeze"><value>Freeze</value></key><key name="widgets_default_settings_icon"><value>Icon</value></key><key name="widgets_default_settings_show_title"><value>Show title</value></key><key name="widgets_default_settings_title"><value>Title</value></key><key name="widgets_default_settings_wib"><value>Wrap in box</value></key><key name="widgets_delete_component_confirm"><value>Are you sure you want to delete this widget?</value></key><key name="widgets_disable_js"><value>Disable JavaScript</value></key><key name="widgets_enable_js"><value>Enable JavaScript</value></key><key name="widgets_fb_default_settings_label"><value>General widget settings</value></key><key name="widgets_fb_setting_box_title"><value>Settings</value></key><key name="widgets_finish_customize_btn"><value>Finish customizing</value></key><key name="widgets_no_content"><value>No content</value></key><key name="widgets_panel_dashboard_label"><value>Dashboard</value></key><key name="widgets_reset_customization"><value>Reset</value></key><key name="widgets_reset_position_confirm"><value>Are you sure you want to reset your profile customization?</value></key><key name="widgets_section_box_title"><value>Available widgets</value></key><key name="with_selected"><value>Selected:</value></key><key name="ws_add_label"><value>Add</value></key><key name="ws_button_label_bold"><value>Bold</value></key><key name="ws_button_label_html"><value>Insert HTML</value></key><key name="ws_button_label_image"><value>Insert Image</value></key><key name="ws_button_label_italic"><value>Italic</value></key><key name="ws_button_label_link"><value>Insert Link</value></key><key name="ws_button_label_more"><value>More</value></key><key name="ws_button_label_orderedlist"><value>Insert Ordered List</value></key><key name="ws_button_label_switch_html"><value>Show/Hide HTML Source View</value></key><key name="ws_button_label_underline"><value>Underline</value></key><key name="ws_button_label_unorderedlist"><value>Insert Unordered List</value></key><key name="ws_button_label_video"><value>Insert Video</value></key><key name="ws_html_head_label"><value>Insert HTML</value></key><key name="ws_html_textarea_label"><value>Your html code:</value></key><key name="ws_insert_label"><value>Insert</value></key><key name="ws_link_empty_fields"><value>Please fill `label` and `url` fields to insert the link</value></key><key name="ws_video_empty_field"><value>Enter video code please</value></key><key name="ws_video_head_label"><value>Insert video</value></key><key name="ws_video_textarea_label"><value>Embed your video code here:</value></key><key name="year"><value>Year</value></key><key name="yes"><value>Yes</value></key><key name="your_rate_label"><value>Your rate:</value></key></prefix>
