<?xml version="1.0" encoding="utf-8"?>
<prefix name="admin" label="Admin" language_tag="en" language_label="English">
	<key name="sidebar_menu_item_general"><value>General</value></key>
    <key name="sidebar_menu_item_content_settings"><value>Content settings</value></key>
    <key name="sidebar_menu_item_page_settings"><value>Page settings</value></key>
    <key name="sidebar_menu_item_smtp_settings"><value>SMTP</value></key>
    <key name="sidebar_menu_item_themes"><value>Themes</value></key>
    <key name="sidebar_menu_item_themes_customize"><value>Customize</value></key>
    <key name="sidebar_menu_item_manage_pages"><value>Manage pages</value></key>
    <key name="sidebar_menu_item_special_pages"><value>Special pages</value></key>
    <key name="sidebar_menu_main"><value>Main</value></key>
    <key name="sidebar_menu_pages"><value>Pages</value></key>
    <key name="sidebar_menu_item_pages_manage"><value>Manage pages</value></key>
    <key name="user_settings_permissions"><value>Privacy</value></key>
    <key name="user_settings_profile_questions"><value>Profile questions</value></key>
    <key name="admin_admin_dashboard"><value>Main</value></key>
    <key name="heading_user_roles"><value>User Roles</value></key>
    <key name="heading_main_settings"><value>General</value></key>
    <key name="heading_user_input_settings"><value>Content settings</value></key>
    <key name="heading_user_input_settings"><value>Content settings</value></key>
    <key name="heading_page_settings"><value>Page settings</value></key>
    <key name="heading_mail_settings"><value>SMTP</value></key>
    <key name="themes_choose_page_title"><value>Themes</value></key>
    <key name="themes_settings_page_title"><value>Customize</value></key>
    <key name="pages_page_heading"><value>Manage pages</value></key>
    <key name="maintenance_page_heading"><value>Special pages</value></key>
    <key name="maintenance_section_label"><value>Maintenance Page</value></key>
    <key name="splash_screen_section_label"><value>Splash screen</value></key>
    <key name="widgets_admin_profile_heading"><value>User Profile</value></key>
    <key name="page_title_manage_plugins"><value>Installed Plugins</value></key>
    <key name="manage_plugins_available_box_cap_label"><value>Plugins to Install</value></key>
    <key name="manage_plugins_add_box_cap_label"><value>Upload Plugin</value></key>
    <key name="page_title_available_plugins"><value>Available Plugins</value></key>
    <key name="page_title_add_new_plugin"><value>Add new</value></key>
    <key name="page_title_mobile_menus"><value>Mobile menus</value></key>
    <key name="heading_mobile_settings"><value>Mobile Settings</value></key>
    <key name="mobile_settings_tabe_heading"><value>General</value></key>
</prefix>
