<?xml version="1.0" encoding="utf-8"?>
<prefix name="admin" label="Admin" language_tag="en" language_label="English">
	<key name="widget_content_statistics"><value>Content statistics</value></key>
	<key name="widget_content_statistics_default_content_group"><value>Default content group</value></key>
	<key name="site_statistics_today_period"><value>Today</value></key>
	<key name="site_statistics_yesterday_period"><value>Yesterday</value></key>
	<key name="site_statistics_last_7_days_period"><value>Last 7 days</value></key>
	<key name="site_statistics_last_30_days_period"><value>Last 30 days</value></key>
	<key name="site_statistics_last_year_period"><value>Last year</value></key>
	<key name="site_statistics_default_period"><value>Default period</value></key>
	<key name="widget_user_statistics"><value>User statistics</value></key>
	<key name="site_statistics_user_registrations"><value>Registrations</value></key>
	<key name="site_statistics_user_online"><value>Online</value></key>
	<key name="statistics_amount_for_period"><value>Amount for selected period</value></key>
	<key name="site_statistics_finance_transactions"><value>Transactions</value></key>
	<key name="site_statistics_finance_transactions_amount"><value>Amount</value></key>
	<key name="widget_finance_statistics"><value>Finance statistics</value></key>
	<key name="statistics_history"><value>History</value></key>
	<key name="statistics_browse_users"><value>Browse users</value></key>
</prefix>
