<?xml version="1.0" encoding="utf-8"?>
<prefix name="base" label="Base" language_tag="en" language_label="English">
	<key name="form_date_picker_prev"><value>Prev</value></key>
    <key name="form_date_picker_prev_desc"><value>Previous month</value></key>
    
    <key name="form_date_picker_prev_jump_desc"><value>View previous year</value></key>
    
    
    <key name="form_date_picker_next"><value>Next</value></key>
    <key name="form_date_picker_next_desc"><value>Next month</value></key>
    <key name="form_date_picker_next_jump_desc"><value>View next year</value></key>
    
    
    <key name="form_date_picker_close"><value>Close</value></key>
    <key name="form_date_picker_close_desc"><value>Close without change</value></key>
    <key name="form_date_picker_clear"><value>Clear</value></key>
    <key name="form_date_picker_clear_desc"><value>Remove the current date</value></key>
    <key name="form_date_picker_today"><value>Today</value></key>
    <key name="form_date_picker_current_status"><value>View current month</value></key>

    <key name="form_date_picker_year_desc"><value>View a different year</value></key>
    <key name="form_date_picker_month_desc"><value>View a different month</value></key>
    <key name="form_date_picker_week"><value>Wk</value></key>
    <key name="form_date_picker_week_desc"><value>Week of the year</value></key>
    <key name="form_date_picker_default_desc"><value>Choose a date</value></key>
 
    <key name="date_time_week_short_0"><value>Sun</value></key>
    <key name="date_time_week_short_1"><value>Mon</value></key>
    <key name="date_time_week_short_2"><value>Tue</value></key>
    <key name="date_time_week_short_3"><value>Wed</value></key>
    <key name="date_time_week_short_4"><value>Thu</value></key>
    <key name="date_time_week_short_5"><value>Fri</value></key>
    <key name="date_time_week_short_6"><value>Sat</value></key>
    <key name="date_time_week_min_0"><value>Su</value></key>
    <key name="date_time_week_min_1"><value>Mo</value></key>
    <key name="date_time_week_min_2"><value>Tu</value></key>
    <key name="date_time_week_min_3"><value>We</value></key>
    <key name="date_time_week_min_4"><value>Th</value></key>
    <key name="date_time_week_min_5"><value>Fr</value></key>
    <key name="date_time_week_min_6"><value>Sa</value></key>
</prefix>
