<?xml version="1.0" encoding="utf-8"?>
<prefix name="admin" label="Admin" language_tag="en" language_label="English">
    
    <key name="admin_password"><value>New password is set for {$sitename}&#13;
        Your new password is {$password}</value></key>
    <key name="admin_password_html"><value>New password is set for {$sitename}&lt;br&gt;
        Your new password is &lt;b&gt;{$password}&lt;/b&gt;&lt;br&gt;</value></key>
    <key name="site_password"><value>{$sitename}:New Password Set</value></key>

</prefix>
