<?xml version="1.0" encoding="utf-8"?>
<prefix name="base" label="Base" language_tag="en" language_label="English">
    <key name="edit_profile_warning"><value>Note: Keep in mind that editing text fields will result in your profile being sent for approval. You will not be able to use the site during the approval process.</value></key>
    <key name="moderation_user_update"><value>update their profile. &lt;a href=&quot;{$profileUrl}&quot;&gt;View profile&lt;/a&gt;</value></key>
    <key name="message_label"><value>Message</value></key>
    <key name="subjec_label"><value>Subject</value></key>
    <key name="send_message_to_email"><value>Send message to email</value></key>
    <key name="write_message"><value>Write message</value></key>
    <key name="save_and_approve"><value>Save and approve</value></key>
    <key name="message_send"><value>Message was sent</value></key>
    <key name="invalid_user"><value>User dosen&quot;t exist</value></key>
    <key name="empty_subject"><value>Empty email subject</value></key>
    <key name="empty_subject"><value>Empty message</value></key>
    <key name="delete_user_feedback"><value>User has been deleded</value></key>
</prefix>
