<?xml version="1.0" encoding="utf-8"?>
<prefix name="admin" label="Admin" language_tag="en" language_label="English">
	<key name="sidebar_menu_item_general"><value>General</value></key>
    <key name="sidebar_menu_item_content_settings"><value>Content settings</value></key>
    <key name="sidebar_menu_item_page_settings"><value>Page settings</value></key>
    <key name="sidebar_menu_item_smtp_settings"><value>SMTP</value></key>
    <key name="sidebar_menu_item_themes"><value>Themes</value></key>
    <key name="sidebar_menu_item_themes_customize"><value>Customize</value></key>
    <key name="sidebar_menu_item_manage_pages"><value>Manage pages</value></key>
    <key name="sidebar_menu_item_special_pages"><value>Special pages</value></key>
    <key name="sidebar_menu_main"><value>Main</value></key>
    <key name="sidebar_menu_pages"><value>Pages</value></key>
    <key name="sidebar_menu_item_pages_manage"><value>Manage pages</value></key>
    <key name="user_settings_permissions"><value>Privacy</value></key>
    <key name="user_settings_profile_questions"><value>Profile questions</value></key>
</prefix>
